серийный номер;Год;название проекта;Наименование ПС;Принадлежность;Класс напряжения;Локация;тип ЭОБ;дата;серийный номер трансформатора, в который входит ЭОБ
002;2011;Красноярск-2011;Красноярский алюминиевый завод;РУСАЛ;10;56.08462530213259, 93.01941925256092;ТТЭО-Г;01.01.2011;
003;2011;Красноярск-2011;Красноярский алюминиевый завод;РУСАЛ;10;56.08462530213259, 93.01941925256092;ТТЭО-Г;01.01.2011;
007;2011;Красноярск-2011;Красноярский алюминиевый завод;РУСАЛ;10;56.08462530213259, 93.01941925256092;ТТЭО-Г;01.01.2011;
015;;Иркутск;Иркутский алюминиевый завод;РУСАЛ;10;52.19166742330731, 104.08460831108552;ТТЭО-Г;01.01.2011;
019;;Красноярск-2;Красноярский алюминиевый завод;РУСАЛ;10;56.08462530213259, 93.01941925256092;ТТЭО-Г;01.01.2011;
020;;Красноярск-2;Красноярский алюминиевый завод;РУСАЛ;10;56.08462530213259, 93.01941925256092;ТТЭО-Г;01.01.2011;
021;;Красноярск-2;Красноярский алюминиевый завод;РУСАЛ;10;56.08462530213259, 93.01941925256092;ТТЭО-Г;01.01.2011;
022;;Красноярск-2;Красноярский алюминиевый завод;РУСАЛ;10;56.08462530213259, 93.01941925256092;ТТЭО-Г;01.01.2011;
023;;Иркутск-2;Иркутский алюминиевый завод;РУСАЛ;10;52.19166742330731, 104.08460831108552;ТТЭО-Г;01.01.2011;
024;;Братск;Братский алюминиевый завод;РУСАЛ;10;56.12769728017043, 101.45080100855724;ТТЭО-Г;01.01.2011;
01-14;2014;Русгидро;Нижегородская ГЭС;РусГидро;110;56.648632, 43.379365;ТТЭО;01.01.2014;Т01-14
02-14;2014;Русгидро;Нижегородская ГЭС;РусГидро;110;56.648632, 43.379365;ТТЭО;01.01.2014;Т02-14
03-14;2014;Русгидро;Нижегородская ГЭС;РусГидро;110;56.648632, 43.379365;ТТЭО;01.01.2014;Т05-14
04-14;2014;Русгидро;Нижегородская ГЭС;РусГидро;110;56.648632, 43.379365;ТТЭО;01.01.2014;Т05-14
05-14;2014;Русгидро;Нижегородская ГЭС;РусГидро;110;56.648632, 43.379365;ТТЭО;01.01.2014;Т05-14
06-14;;Русгидро;;;;;ДНЕЭ;01.01.2014;
07-14;;Русгидро;;;;;ДНЕЭ;01.01.2014;
01-15;2015;Казань-2 (Тестовый ЭОБ);;;;;ТТЭО;;
02-15;2015;ТЭЦ-11;ТЭЦ-11;Газпром Мосэнерго;110;55.75280205372423, 37.72603645794139;ТТЭО;;
03-15;2015;УНИИМ;ФГУП УНИИМ;ФГУП УНИИМ;;;ТТЭО;13.03.2015;
04-15;2015;Красноярск-3;Красноярский алюминиевый завод;РУСАЛ;10;56.08462530213259, 93.01941925256092;ТТЭО-Г;19.05.2015;
05-15;2015;Красноярск-3;Красноярский алюминиевый завод;РУСАЛ;10;56.08462530213259, 93.01941925256092;ТТЭО-Г;19.05.2015;
06-15;2015;Красноярск-3;Красноярский алюминиевый завод;РУСАЛ;10;56.08462530213259, 93.01941925256092;ТТЭО-Г;19.05.2015;
07-15;2015;Красноярск 2011;Красноярский алюминиевый завод;РУСАЛ;10;56.08462530213259, 93.01941925256092;ТТЭО-Г;21.07.2015;
08-15;2015;Красноярск 2011;Красноярский алюминиевый завод;РУСАЛ;10;56.08462530213259, 93.01941925256092;ТТЭО-Г;21.07.2015;
09-15;2015;Тестовый ЭОБ-2;;;;;ТТЭО;21.07.2015;
10-15;2015;Казань-3;;;;;ТТЭО;07.09.2015;
11-15 ;2015;Саяногорск-1;Саяногорский алюминиевый завод;РУСАЛ;10;53.2008564437786, 91.4568565277656;ТТЭО-Г;29.09.2015;
12-15;2015;"отработка технологии выноса линии задержки в кросс, 
затем модуляторы 67кГц";;;;;ТТЭО;28.10.2015;
13-15;2015;АмГУ;;;;;ТТЭО;30.10.2015;
14-15;2015;Русгидро Ремонт;;;;;ТТЭО;11.11.2015;
15-15;;Русгидро Ремонт;;;;;ДНЕЭ;11.12.2015;
16-15;;Русгидро Ремонт;;;;;ДНЕЭ;11.12.2015;
01-16;2016;Саяногорск-2;Саяногорский алюминиевый завод;РУСАЛ;10;53.2008564437786, 91.4568565277656;ТТЭО-Г;12.01.2016;
02-16;2016;Саяногорск-2;Саяногорский алюминиевый завод;РУСАЛ;10;53.2008564437786, 91.4568565277656;ТТЭО-Г;12.01.2016;
03-16;2016;Тестовый ЭОБ-3;;;;;ТТЭО;29.01.2016;
04-16;2016;Модернизация ВНИИМ-1;;;;;ТТЭО;26.02.2016;
05-16;;Зарезервирован для испытаний Maxwell по просьбе Янина;;;;;;01.03.2016;
06-16;2016;КЭС;;;;;ТТЭО;21.03.2016;Т06-16
07-16;2016;КЭС;;;;;ТТЭО;21.03.2016;Т06-16
08-16;2016;КЭС;;;;;ТТЭО;21.03.2016;Т08-16
09-16;;КЭС;;;;;ДНЕЭ;21.03.2016;01
10-16;2016;Кандалакша-1;Кандалакшский алюминиевый завод;РУСАЛ;10;67.19400905056888, 32.43380055830461;ТТЭО-Г;13.04.2016;
11-16;2016;Кандалакша-1;Кандалакшский алюминиевый завод;РУСАЛ;10;67.19400905056888, 32.43380055830461;ТТЭО-Г;13.04.2016;
12-16;2016;Красноярск-4;Красноярский алюминиевый завод;РУСАЛ;10;56.08462530213259, 93.01941925256092;ТТЭО-Г;24.05.2016;Т12-16
13-16;2016;Красноярск-4;Красноярский алюминиевый завод;РУСАЛ;10;56.08462530213259, 93.01941925256092;ТТЭО-Г;24.05.2016;Т13-16
14-16;2016;Красноярск-4;Красноярский алюминиевый завод;РУСАЛ;10;56.08462530213259, 93.01941925256092;ТТЭО-Г;24.05.2016;Т14-16
15-16;2016;Иркутск-3;Иркутский алюминиевый завод;РУСАЛ;10;52.19166742330731, 104.08460831108552;ТТЭО-Г;22.06.2016;Т15-16
16-16;2016;EDF18;;;;;ТТЭО;25.07.2016;Т16-16
17-16;2016;ТГК-1 (ТЭЦ-5);Правобережная ТЭЦ (ТЭЦ-5);ОАО «ТГК-1»;10;59.86642031090816, 30.487559309026985;ТТЭО;23.08.2016;Т17-16
18-16;2016;ТГК-1 (ТЭЦ-22);Южная ТЭЦ (ТЭЦ-22);ОАО «ТГК-1»;10;59.826721094535166, 30.447695642724305;ТТЭО;23.08.2016;Т18-16
19-16;2016;Саяногорск-3;Саяногорский алюминиевый завод;РУСАЛ;10;53.2008564437786, 91.4568565277656;ТТЭО-Г;28.09.2016;Т19-16
20-16;2016;ТГК-1-2 (ТЭЦ-7);Василеостровская ТЭЦ (ТЭЦ-7);ОАО «ТГК-1»;10;59.92355376229864, 30.246416655576883;ТТЭО;03.09.2016;Т20-16
21-16;2016;ТГК-1-2 (7 станция ЗРУ);Василеостровская ТЭЦ (ТЭЦ-7);ОАО «ТГК-1»;110;59.92355376229864, 30.246416655576883;ТТЭО;04.09.2016;Т21-16
22-16;2016;ТГК-1-2 (7 станция ОРУ);Василеостровская ТЭЦ (ТЭЦ-7);ОАО «ТГК-1»;110;59.92355376229864, 30.246416655576883;ТТЭО;04.09.2016;Т22-16
23-16;2016;Герцево;ПС 220/110/20/10 кВ Герцево;АО «Объединенная энергетическая компания»;220;55.836634, 37.399778;ТТЭО;25.10.2016;
24-16;2016;ВЭИ;Всероссийский электротехнический институт;"ФГУП ""ВЭИ""";20;55.75638, 37.70119;ТТЭО;23.11.2016;
25-16;;ДНЕЭ для Maxwell;;;;;ДНЕЭ;29.11.2016;
26-16 (01-17);2016;Ависма-1;;;;;ТТЭО;14.12.2016;
27-16;;Волхов-2;;;;;ЦАПТ;11.12.2017;
02-17;2017;Герцево;ПС 220/110/20/10 кВ Герцево;АО «Объединенная энергетическая компания»;220;55.836634, 37.399778;ТТЭО;19.01.2017;
03-17;2017;Герцево;ПС 220/110/20/10 кВ Герцево;АО «Объединенная энергетическая компания»;220;55.836634, 37.399778;ТТЭО;19.01.2017;
04-17;2017;Герцево;ПС 220/110/20/10 кВ Герцево;АО «Объединенная энергетическая компания»;220;55.836634, 37.399778;ТТЭО;19.01.2017;
05-17;2017;Герцево;ПС 220/110/20/10 кВ Герцево;АО «Объединенная энергетическая компания»;220;55.836634, 37.399778;ТТЭО;30.01.2017;
06-17;2017;Герцево;ПС 220/110/20/10 кВ Герцево;АО «Объединенная энергетическая компания»;220;55.836634, 37.399778;ТТЭО;30.01.2017;
07-17;2017;Герцево;ПС 220/110/20/10 кВ Герцево;АО «Объединенная энергетическая компания»;220;55.836634, 37.399778;ТТЭО;30.01.2017;
08-17;2017;Герцево;ПС 220/110/20/10 кВ Герцево;АО «Объединенная энергетическая компания»;220;55.836634, 37.399778;ТТЭО;30.01.2017;
09-17;2017;Герцево;ПС 220/110/20/10 кВ Герцево;АО «Объединенная энергетическая компания»;220;55.836634, 37.399778;ТТЭО;30.01.2017;
10-17;2017;Герцево;ПС 220/110/20/10 кВ Герцево;АО «Объединенная энергетическая компания»;220;55.836634, 37.399778;ТТЭО;30.01.2017;
11-17;2017;Герцево;ПС 220/110/20/10 кВ Герцево;АО «Объединенная энергетическая компания»;220;55.836634, 37.399778;ТТЭО;30.01.2017;
12-17;2017;Герцево;ПС 220/110/20/10 кВ Герцево;АО «Объединенная энергетическая компания»;220;55.836634, 37.399778;ТТЭО;30.01.2017;
13-17;2017;Герцево;ПС 220/110/20/10 кВ Герцево;АО «Объединенная энергетическая компания»;220;55.836634, 37.399778;ТТЭО;30.01.2017;
14-17;;Тестовый ДНЕЭ;;;;;ДНЕЭ;08.02.2017;
15-17;;Демонстрационный ЭОБ РОСНАНО;;;;;макет;27.03.2017;
16-17;2017;MAXWL17;;;;;ТТЭО;31.03.2017;
17-17;2017;GRPEE17;;;;;ТТЭО;31.03.2017;Т17-17
18-17;2017;GRPEE17;;;;;ДНЕЭ;31.03.2017;Т17-17
19-17;2017;CKEMA17;;;;;ТТЭО;31.03.2017;Т19-17
20-17;2017;CKEMA17;;;;;ДНЕЭ;31.03.2017;Т19-17
21-17;2017;CKEMA17;;;;;ТТЭО;31.03.2017;Т21-17
22-17;2017;CKEMA17;;;;;ДНЕЭ;31.03.2017;Т21-17
23-17;2017;Русгидро-2;Нижегородская ГЭС;РусГидро;110;56.648632, 43.379365;ТТЭО;31.03.2017;Т23-17
24-17;;Русгидро-2;Нижегородская ГЭС;РусГидро;110;56.648632, 43.379365;ДНЕЭ;31.03.2017;Т24-17
25-17;;Русгидро-2;Нижегородская ГЭС;РусГидро;110;56.648632, 43.379365;ДНЕЭ;31.03.2017;Т25-17
26-17;2017;Отработка технологии ВЧ модуляторов;;;;;ТТЭО;04.04.2017;
27-17;2017;Саяногорск-4;Саяногорский алюминиевый завод;РУСАЛ;10;53.2008564437786, 91.4568565277656;ТТЭО-Г;10.04.2017;
28-17;2017;Саяногорск-4;Саяногорский алюминиевый завод;РУСАЛ;10;53.2008564437786, 91.4568565277656;ТТЭО-Г;10.04.2017;
29-17;2017;Новокузнецк-1;Новокузнецкий алюминиевый завод;РУСАЛ;10;53.77046675224009, 87.23870784383003;ТТЭО-Г;04.05.2017;
30-17;2017;MAXWL17-2;;;;;ТТЭО;11.05.2017;
31-17;;Русгидро-2;Нижегородская ГЭС;РусГидро;110;56.648632, 43.379365;ДНЕЭ;25.05.2017;Т31-17
32-17;2017;Тобол;ПС 500 кВ Тобол;Россети ФКС ЕЭС;500;58.286531, 68.448000;ТТЭО;25.05.2017;Т32-17
33-17;2017;Тобол;ПС 500 кВ Тобол;Россети ФКС ЕЭС;500;58.286531, 68.448000;ТТЭО;25.05.2017;Т32-17
34-17;2017;Тобол;ПС 500 кВ Тобол;Россети ФКС ЕЭС;500;58.286531, 68.448000;ТТЭО;25.05.2017;Т32-17
35-17;2017;Тобол;ПС 500 кВ Тобол;Россети ФКС ЕЭС;500;58.286531, 68.448000;ТТЭО;25.05.2017;Т35-17
36-17;2017;Тобол;ПС 500 кВ Тобол;Россети ФКС ЕЭС;500;58.286531, 68.448000;ТТЭО;25.05.2017;Т35-17
37-17;2017;Тобол;ПС 500 кВ Тобол;Россети ФКС ЕЭС;500;58.286531, 68.448000;ТТЭО;25.05.2017;Т35-17
38-17;2017;Тобол;ПС 500 кВ Тобол;Россети ФКС ЕЭС;500;58.286531, 68.448000;ТТЭО;25.05.2017;
39-17;;Тобол;ПС 500 кВ Тобол;Россети ФКС ЕЭС;500;58.286531, 68.448000;ДНЕЭ;25.05.2017;Т39-17
40-17;;Тобол;ПС 500 кВ Тобол;Россети ФКС ЕЭС;500;58.286531, 68.448000;ДНЕЭ;25.05.2017;Т39-17
41-17;;Тобол;ПС 500 кВ Тобол;Россети ФКС ЕЭС;500;58.286531, 68.448000;ДНЕЭ;25.05.2017;Т41-17
42-17;;Тобол;ПС 500 кВ Тобол;Россети ФКС ЕЭС;500;58.286531, 68.448000;ДНЕЭ;25.05.2017;Т41-17
43-17;;Тобол;ПС 500 кВ Тобол;Россети ФКС ЕЭС;500;58.286531, 68.448000;ДНЕЭ;25.05.2017;
44-17;2017;Транснефть доработка;ПС 110/6/6 кВ Десна;Транснефть;110;52.973775, 34.001997;ТТЭО;21.06.2017;Т44-17
45-17;2017;Транснефть доработка;ПС 110/6/6 кВ Десна;Транснефть;110;52.973775, 34.001997;ТТЭО;21.06.2017;Т44-17
46-17;2017;Транснефть доработка;ПС 110/6/6 кВ Десна;Транснефть;110;52.973775, 34.001997;ТТЭО;21.06.2017;Т44-17
47-17;2107;Транснефть;;Транснефть;110;49.971857, 82.634395;ДНЕЭ;21.06.2017;Т47-17
48-17;2107;Транснефть;;Транснефть;110;49.971857, 82.634395;ДНЕЭ;21.06.2017;Т47-17
49-17;2017;Транснефть;ПС 110/6 кВ Уват;Транснефть;6;59.131829, 69.016958;ТТЭО;03.07.2017;Т49-17
50-17;2017;EDF18;;;;;ДНЕЭ;03.07.2017;Т16-16
51-17;2017;Тестовый ЭОБ-4;;;;;ТТЭО;13.07.2017;
52-17;2017;Terna18;Terna;Terna National Electricity Grid;10;45.10096374952365, 7.708535875231089;ТТЭО;07.08.2017;
53-17;2017;Саяногорск-5;Саяногорский алюминиевый завод;РУСАЛ;10;53.2008564437786, 91.4568565277656;ТТЭО-Г;28.08.2017;Т53-17
54-17;2017;Волхов-2;ПС 110/10 кВ Волхов;Россети Ленэнерго;110;59.90491428556395, 32.35625297210058;ТТЭО;04.09.2017;Т54-17
55-17;2017;Волхов-2;ПС 110/10 кВ Волхов;Россети Ленэнерго;110;59.90491428556395, 32.35625297210058;ТТЭО;04.09.2017;Т55-17
56-17;2017;Волхов-2;ПС 110/10 кВ Волхов;Россети Ленэнерго;110;59.90491428556395, 32.35625297210058;ТТЭО;04.09.2017;Т56-17
57-17;2017;Волхов-2;ПС 110/10 кВ Волхов;Россети Ленэнерго;110;59.90491428556395, 32.35625297210058;ТТЭО;04.09.2017;Т57-17
58-17;2017;Волхов-2;ПС 110/10 кВ Волхов;Россети Ленэнерго;110;59.90491428556395, 32.35625297210058;ТТЭО;04.09.2017;Т58-17
59-17;2017;Волхов-2;ПС 110/10 кВ Волхов;Россети Ленэнерго;110;59.90491428556395, 32.35625297210058;ТТЭО;04.09.2017;Т59-17
60-17;2017;Волхов-2;ПС 110/10 кВ Волхов;Россети Ленэнерго;110;59.90491428556395, 32.35625297210058;ТТЭО;04.09.2017;Т60-17
61-17;2017;Красноярск-5;Красноярский алюминиевый завод;РУСАЛ;10;56.08462530213259, 93.01941925256092;ТТЭО-Г;09.07.2017;
62-17;2017;Красноярск-5;Красноярский алюминиевый завод;РУСАЛ;10;56.08462530213259, 93.01941925256092;ТТЭО-Г;09.07.2017;
63-17;;Тобол;ПС 500 кВ Тобол;Россети ФКС ЕЭС;500;58.286531, 68.448000;ЦАПН;25.10.2017;Т39-17
64-17;;Тобол;ПС 500 кВ Тобол;Россети ФКС ЕЭС;500;58.286531, 68.448000;ЦАПН;25.10.2017;Т39-17
65-17;;Тобол;ПС 500 кВ Тобол;Россети ФКС ЕЭС;500;58.286531, 68.448000;ЦАПН;25.10.2017;Т41-17
66-17;;Тобол;ПС 500 кВ Тобол;Россети ФКС ЕЭС;500;58.286531, 68.448000;ЦАПН;25.10.2017;Т41-17
67-17;;Тобол;ПС 500 кВ Тобол;Россети ФКС ЕЭС;500;58.286531, 68.448000;БПР;30.10.2017;Т32-17
68-17;;Тобол;ПС 500 кВ Тобол;Россети ФКС ЕЭС;500;58.286531, 68.448000;БПР;30.10.2017;Т35-17
69-17;;Тобол;ПС 500 кВ Тобол;Россети ФКС ЕЭС;500;58.286531, 68.448000;БПР;30.10.2017;Т39-17
70-17;;Тобол;ПС 500 кВ Тобол;Россети ФКС ЕЭС;500;58.286531, 68.448000;БПР;30.10.2017;Т41-17
71-17;;Тобол;ПС 500 кВ Тобол;Россети ФКС ЕЭС;500;58.286531, 68.448000;БПР;30.10.2017;Т32-17
72-17;;Тобол;ПС 500 кВ Тобол;Россети ФКС ЕЭС;500;58.286531, 68.448000;БПР;30.10.2017;Т35-17
73-17;;Тобол;ПС 500 кВ Тобол;Россети ФКС ЕЭС;500;58.286531, 68.448000;БПР;30.10.2017;
74-17;;Тобол;ПС 500 кВ Тобол;Россети ФКС ЕЭС;500;58.286531, 68.448000;БПР;30.10.2017;
75-17;;Тобол;ПС 500 кВ Тобол;Россети ФКС ЕЭС;500;58.286531, 68.448000;ЦАПТ;09.11.2017;Т32-17
76-17;;Тобол;ПС 500 кВ Тобол;Россети ФКС ЕЭС;500;58.286531, 68.448000;ЦАПТ;09.11.2017;Т35-17
77-17;;Тобол;ПС 500 кВ Тобол;Россети ФКС ЕЭС;500;58.286531, 68.448000;ЦАПТ;09.11.2017;
78-17;;Волхов-2;ПС 110/10 кВ Волхов;Россети Ленэнерго;110;59.90491428556395, 32.35625297210058;ЦАПТ;09.11.2017;Т54-17
79-17;;ТГК-1-3;ПАО «ТГК-1»;ПАО «ТГК-1»;10;59.92357021699063, 30.246522220407506;ЦАПТ;09.11.2017;Т053-18
80-17;;Волхов-2;ПС 110/10 кВ Волхов;Россети Ленэнерго;110;59.90491428556395, 32.35625297210058;ЦАПТ;09.11.2017;Т55-17
81-17;;Волхов-2;ПС 110/10 кВ Волхов;Россети Ленэнерго;110;59.90491428556395, 32.35625297210058;ЦАПТ;09.11.2017;Т56-17
82-17;;Волхов-2;ПС 110/10 кВ Волхов;Россети Ленэнерго;110;59.90491428556395, 32.35625297210058;ЦАПТ;09.11.2017;Т57-17
83-17;;Волхов-2;ПС 110/10 кВ Волхов;Россети Ленэнерго;110;59.90491428556395, 32.35625297210058;ЦАПТ;09.11.2017;Т58-17
84-17;;Волхов-2;ПС 110/10 кВ Волхов;Россети Ленэнерго;110;59.90491428556395, 32.35625297210058;ЦАПТ;09.11.2017;Т59-17
85-17;2017;Транснефть-2;ПС 110/6/6 кВ Десна;Транснефть;6;52.973775, 34.001997;ТТЭО;27.11.2017;Т85-17
86-17;2017;Транснефть-2;ПС 110/6/6 кВ Десна;Транснефть;6;52.973775, 34.001997;ТТЭО;27.11.2017;Т85-17
87-17;2017;Транснефть-2;ПС 110/6/6 кВ Десна;Транснефть;6;52.973775, 34.001997;ТТЭО;27.11.2017;Т87-17
88-17;2017;Транснефть-2;ПС 110/6/6 кВ Десна;Транснефть;6;52.973775, 34.001997;ТТЭО;27.11.2017;Т87-17
89-17;2017;Транснефть-2;ПС 110/6/6 кВ Десна;Транснефть;6;52.973775, 34.001997;ТТЭО;27.11.2017;Т89-17
90-17;2017;Транснефть-2;ПС 110/6/6 кВ Десна;Транснефть;6;52.973775, 34.001997;ТТЭО;27.11.2017;Т89-17
91-17;2017;Транснефть-2;ПС 110/6/6 кВ Десна;Транснефть;13.8;52.973775, 34.001997;ТТЭО;27.11.2017;Т91-17
92-17;2017;Транснефть-2;ПС 110/6/6 кВ Десна;Транснефть;13.8;52.973775, 34.001997;ТТЭО;27.11.2017;Т91-17
93-17;2017;Транснефть-2;ПС 110/6/6 кВ Десна;Транснефть;13.8;52.973775, 34.001997;ТТЭО;27.11.2017;Т93-17
94-17;2017;Транснефть-2;ПС 110/6/6 кВ Десна;Транснефть;13.8;52.973775, 34.001997;ТТЭО;27.11.2017;Т93-17
95-17;2017;Транснефть-2;ПС 110/6 кВ Уват;Транснефть;110;59.131829, 69.016958;ТТЭО;27.11.2017;Т49-17
96-17;;Волхов-2;ПС 110/10 кВ Волхов;Россети Ленэнерго;110;59.90491428556395, 32.35625297210058;ЦАПТ;27.12.2017;Т60-17
97-17;;ТГК-1-2;ПАО «ТГК-1»;ПАО «ТГК-1»;10;59.92357021699063, 30.246522220407506;ЦАПТ;27.12.2017;Т21-16
98-17;;ТГК-1-2;ПАО «ТГК-1»;ПАО «ТГК-1»;10;59.92357021699063, 30.246522220407506;ЦАПТ;27.12.2017;Т22-16
99-17;;ТГК-1-3;ПАО «ТГК-1»;ПАО «ТГК-1»;10;59.92357021699063, 30.246522220407506;ЦАПТ;27.12.2017;Т054-18
100-17;;ТГК-1-3;ПАО «ТГК-1»;ПАО «ТГК-1»;10;59.92357021699063, 30.246522220407506;ЦАПТ;27.12.2017;Т052-18
101-17;;ТГК-1-3;ПАО «ТГК-1»;ПАО «ТГК-1»;10;59.92357021699063, 30.246522220407506;ЦАПТ;27.12.2017;Т055-18
102-17;;ТГК-1-3;ПАО «ТГК-1»;ПАО «ТГК-1»;10;59.92357021699063, 30.246522220407506;ЦАПТ;27.12.2017;Т051-18
103-17;;Демонстрационный ТТЭО;;;;;;;
104-17;;Демонстрационный ДНЕЭ;;;;;;;
105-17;;;;;;;ЦАПТ;;
001-18;;тестовый ЭОБ ДНЕЭ;;;;;ДНЕЭ;09.01.2018;
002-18;2018;Транснефть-2;ПС 110/6/6 кВ Десна;Транснефть;110;52.973775, 34.001997;ТТЭО;12.01.2018;Т002-18
003-18;2018;Транснефть-2;ПС 110/6/6 кВ Десна;Транснефть;110;52.973775, 34.001997;ТТЭО;12.01.2018;Т002-18
004-18;2018;Транснефть-2;ПС 110/6/6 кВ Десна;Транснефть;110;52.973775, 34.001997;ТТЭО;12.01.2018;Т002-18
005-18;2018;Транснефть-2;ПС 110/6/6 кВ Десна;Транснефть;110;52.973775, 34.001997;ТТЭО;16.01.2018;Т005-18
006-18;2018;Транснефть-2;ПС 110/6/6 кВ Десна;Транснефть;110;52.973775, 34.001997;ТТЭО;16.01.2018;Т005-18
007-18;2018;Транснефть-2;ПС 110/6/6 кВ Десна;Транснефть;110;52.973775, 34.001997;ТТЭО;16.01.2018;Т005-18
008-18;2018;Транснефть-2;ПС 110/6/6 кВ Десна;Транснефть;110;52.973775, 34.001997;ТТЭО;16.01.2018;Т008-18
009-18;2018;Транснефть-2;ПС 110/6/6 кВ Десна;Транснефть;110;52.973775, 34.001997;ТТЭО;16.01.2018;Т008-18
010-18;2018;Транснефть-2;ПС 110/6/6 кВ Десна;Транснефть;110;52.973775, 34.001997;ТТЭО;16.01.2018;Т008-18
011-18;2018;Транснефть-2;ПС 110/6/6 кВ Десна;Транснефть;110;52.973775, 34.001997;ТТЭО;16.01.2018;Т011-18
012-18;2018;Транснефть-2;ПС 110/6/6 кВ Десна;Транснефть;110;52.973775, 34.001997;ТТЭО;16.01.2018;Т011-18
013-18;2018;Транснефть-2;ПС 110/6/6 кВ Десна;Транснефть;110;52.973775, 34.001997;ТТЭО;16.01.2018;Т011-18
014-18;2018;Транснефть-2;ПС 110/6/6 кВ Десна;Транснефть;110;52.973775, 34.001997;ТТЭО;16.01.2018;Т014-18
015-18;2018;Транснефть-2;ПС 110/6/6 кВ Десна;Транснефть;110;52.973775, 34.001997;ТТЭО;16.01.2018;Т014-18
016-18;2018;Транснефть-2;ПС 110/6/6 кВ Десна;Транснефть;110;52.973775, 34.001997;ТТЭО;16.01.2018;Т014-18
017-18;2018;Транснефть-2;ПС 110/6/6 кВ Десна;Транснефть;110;52.973775, 34.001997;ТТЭО;16.01.2018;Т017-18
018-18;2018;Транснефть-2;ПС 110/6/6 кВ Десна;Транснефть;110;52.973775, 34.001997;ТТЭО;16.01.2018;Т017-18
019-18;2018;Транснефть-2;ПС 110/6/6 кВ Десна;Транснефть;110;52.973775, 34.001997;ТТЭО;16.01.2018;Т017-18
020-18;2018;Транснефть-2;ПС 110/6 кВ Уват;Транснефть;110;59.131829, 69.016958;ТТЭО;16.01.2018;Т020-18
021-18;2018;Транснефть-2;ПС 110/6 кВ Уват;Транснефть;110;59.131829, 69.016958;ТТЭО;16.01.2018;Т020-18
022-18;2018;Транснефть-2;ПС 110/6 кВ Уват;Транснефть;110;59.131829, 69.016958;ТТЭО;16.01.2018;Т020-18
023-18;2018;Транснефть-2;ПС 110/6 кВ Уват;Транснефть;110;59.131829, 69.016958;ТТЭО;16.01.2018;Т023-18
024-18;2018;Транснефть-2;ПС 110/6 кВ Уват;Транснефть;110;59.131829, 69.016958;ТТЭО;16.01.2018;Т023-18
025-18;2018;Транснефть-2;ПС 110/6 кВ Уват;Транснефть;110;59.131829, 69.016958;ТТЭО;16.01.2018;Т023-18
026-18;2018;DNVGL18;KEMA Laboratories;KEMA Laboratories;550;51.97907675767671, 5.871092113709996;ТТЭО;23.03.2018;Т026-18
027-18;2018;DNVGL18;KEMA Laboratories;KEMA Laboratories;550;51.97907675767671, 5.871092113709996;ТТЭО;23.03.2018;Т026-18
028-18;2018;DNVGL18;KEMA Laboratories;KEMA Laboratories;550;51.97907675767671, 5.871092113709996;ТТЭО;23.03.2018;Т028-18
029-18;2018;DNVGL18;KEMA Laboratories;KEMA Laboratories;550;51.97907675767671, 5.871092113709996;ТТЭО;23.03.2018;
030-18;2018;Стример;;;;;ТТЭО;23.03.2018;Т030-18
031-18;2018;Транснефть-2;ПС 110/6 кВ Уват;Транснефть;110;59.131829, 69.016958;ДНЕЭ;04.04.2018;Т031-18
032-18;2018;Транснефть-2;ПС 110/6 кВ Уват;Транснефть;110;59.131829, 69.016958;ДНЕЭ;04.04.2018;Т031-18
033-18;2018;Транснефть-2;ПС 110/6/6 кВ Десна;Транснефть;110;52.973775, 34.001997;ДНЕЭ;04.04.2018;Т033-18
034-18;2018;Транснефть-2;ПС 110/6/6 кВ Десна;Транснефть;110;52.973775, 34.001997;ДНЕЭ;04.04.2018;Т033-18
035-18;2018;Транснефть-2;ПС 110/6/6 кВ Десна;Транснефть;110;52.973775, 34.001997;ДНЕЭ;04.04.2018;Т035-18
036-18;2018;Транснефть-2;ПС 110/6/6 кВ Десна;Транснефть;110;52.973775, 34.001997;ДНЕЭ;04.04.2018;Т035-18
037-18;2018;Транснефть доработка;ПС 110/6/6 кВ Десна;Транснефть;6;52.973775, 34.001997;ДНЕЭ;04.04.2018;Т037-18
038-18;2018;Транснефть-2;ПС 110/6 кВ Уват;Транснефть;6;59.131829, 69.016958;ДНЕЭ;04.04.2018;Т038-18
039-18;2018;Транснефть-2;ПС 110/6 кВ Уват;Транснефть;6;59.131829, 69.016958;ДНЕЭ;04.04.2018;Т039-18
040-18;2018;Транснефть-2;ПС 110/6 кВ Уват;Транснефть;6;59.131829, 69.016958;ДНЕЭ;04.04.2018;Т040-18
041-18;2018;Транснефть-2;ПС 110/6 кВ Уват;Транснефть;6;59.131829, 69.016958;ДНЕЭ;04.04.2018;Т041-18
042-18;2018;Транснефть-2;ПС 110/6 кВ Уват;Транснефть;6;59.131829, 69.016958;ДНЕЭ;04.04.2018;Т042-18
043-18;2018;Красноярск-6;Красноярский алюминиевый завод;РУСАЛ;10;56.08462530213259, 93.01941925256092;ТТЭО-Г;05.04.2018;Т043-18
044-18;2018;Terna18;Terna;Terna National Electricity Grid;110;45.10096374952365, 7.708535875231089;ДНЕЭ;24.07.2018;Т044-18
045-18;;тестовый ЭОБ ДНЕЭ;;;;;ДНЕЭ;04.05.2018;
046-18;;тестовый ЭОБ ДНЕЭ;;;;;ДНЕЭ;04.05.2018;
047-18;2018;ТТЭО-Г для ИЦ;;;;;ТТЭО-Г;24.05.2018;
048-18;2018;Кандалакша-1;Кандалакшский алюминиевый завод;РУСАЛ;10;67.19400905056888, 32.43380055830461;ТТЭО-Г;01.06.2018;Т048-18
049-18;2018;Норникель;;;10;;ТТЭО-Г;18.06.2018;Т049-18
050-18;2018;Норникель;;;10;;ТТЭО-Г;18.06.2018;Т050-18
051-18;2018;ТГК-1-3;ПАО «ТГК-1»;ПАО «ТГК-1»;10;59.92357021699063, 30.246522220407506;ТТЭО-Г;25.10.2018;Т051-18
052-18;2018;ТГК-1-3;ПАО «ТГК-1»;ПАО «ТГК-1»;10;59.92357021699063, 30.246522220407506;ТТЭО-Г;25.10.2018;Т052-18
053-18;2018;ТГК-1-3;ПАО «ТГК-1»;ПАО «ТГК-1»;10;59.92357021699063, 30.246522220407506;ТТЭО-Г;25.10.2018;Т053-18
054-18;2018;ТГК-1-3;ПАО «ТГК-1»;ПАО «ТГК-1»;10;59.92357021699063, 30.246522220407506;ТТЭО-Г;25.10.2018;Т054-18
055-18;2018;ТГК-1-3;ПАО «ТГК-1»;ПАО «ТГК-1»;10;59.92357021699063, 30.246522220407506;ТТЭО-Г;25.10.2018;Т055-18
056-18;2018;КЭЗ;АО «Казахстанский электролизный завод»;КЭЗ;10;52.208209, 77.191470;ТТЭО-Г;22.11.2018;Т056-18
057-18;2018;КЭЗ;АО «Казахстанский электролизный завод»;КЭЗ;10;52.208209, 77.191470;ТТЭО-Г;22.11.2018;Т057-18
058-18;2018;КЭЗ;АО «Казахстанский электролизный завод»;КЭЗ;10;52.208209, 77.191470;ТТЭО-Г;22.11.2018;Т058-18
059-18;2018;КЭЗ;АО «Казахстанский электролизный завод»;КЭЗ;10;52.208209, 77.191470;ТТЭО-Г;22.11.2018;Т059-18
060-18;2018;КЭЗ;АО «Казахстанский электролизный завод»;КЭЗ;10;52.208209, 77.191470;ТТЭО-Г;22.11.2018;Т060-18
061-18;;Временный номер для аккредитации ИЦ;;;;;;;
001-19;2019;КЭЗ;АО «Казахстанский электролизный завод»;КЭЗ;10;52.208209, 77.191470;ТТЭО-Г;25.12.2018;Т001-19
002-19;2019;КЭЗ;АО «Казахстанский электролизный завод»;КЭЗ;10;52.208209, 77.191470;ТТЭО-Г;25.12.2018;Т002-19
003-19;2019;КЭЗ;АО «Казахстанский электролизный завод»;КЭЗ;10;52.208209, 77.191470;ТТЭО-Г;25.12.2018;Т003-19
004-19;2019;КЭЗ;АО «Казахстанский электролизный завод»;КЭЗ;10;52.208209, 77.191470;ТТЭО-Г;25.12.2018;Т004-19
005-19;2019;КЭЗ;АО «Казахстанский электролизный завод»;КЭЗ;10;52.208209, 77.191470;ТТЭО-Г;25.12.2018;Т005-19
006-19;2019;КЭЗ;АО «Казахстанский электролизный завод»;КЭЗ;10;52.208209, 77.191470;ТТЭО-Г;25.12.2018;Т006-19
007-19;2019;КЭЗ;АО «Казахстанский электролизный завод»;КЭЗ;10;52.208209, 77.191470;ТТЭО-Г;25.12.2018;Т007-19
008-19;2019;КЭЗ;АО «Казахстанский электролизный завод»;КЭЗ;10;52.208209, 77.191470;ТТЭО-Г;25.12.2018;Т008-19
009-19;2019;КЭЗ;АО «Казахстанский электролизный завод»;КЭЗ;10;52.208209, 77.191470;ТТЭО-Г;25.12.2018;Т009-19
010-19;2019;SwissGrid; 380/220kV GIS substation at Châtelard/Valais;Swiss TSO Swissgrid;220;46.062446, 6.958601;ТТЭО-Г;25.12.2018;T010-19
011-19;2019;SwissGrid; 380/220kV GIS substation at Châtelard/Valais;Swiss TSO Swissgrid;220;46.062446, 6.958601;ТТЭО-Г;25.12.2018;T011-19
012-19;2019;SwissGrid; 380/220kV GIS substation at Châtelard/Valais;Swiss TSO Swissgrid;220;46.062446, 6.958601;ТТЭО-Г;25.12.2018;T012-19
013-19;2019;SwissGrid; 380/220kV GIS substation at Châtelard/Valais;Swiss TSO Swissgrid;220;46.062446, 6.958601;ТТЭО-Г;25.12.2018;T013-19
014-19;2019;ПС Север;ПС 110/10кВ Север;Газпром нефть;110;67.781219, 72.559204;ТТЭО-Г;05.03.2019;Т014-19
015-19;2019;ПС Север;ПС 110/10кВ Север;Газпром нефть;110;67.781219, 72.559204;ТТЭО-Г;05.03.2019;Т015-19
016-19;2019;ПС Север;ПС 110/10кВ Север;Газпром нефть;110;67.781219, 72.559204;ТТЭО-Г;05.03.2019;Т016-19
017-19;2019;ПС Север;ПС 110/10кВ Север;Газпром нефть;110;67.781219, 72.559204;ТТЭО-Г;05.03.2019;Т017-19
018-19;2019;ПС Север;ПС 110/10кВ Север;Газпром нефть;110;67.781219, 72.559204;ТТЭО;05.03.2019;Т018-19
019-19;2019;ПС Север;ПС 110/10кВ Север;Газпром нефть;110;67.781219, 72.559204;ТТЭО;05.03.2019;Т018-19
020-19;2019;ПС Север;ПС 110/10кВ Север;Газпром нефть;110;67.781219, 72.559204;ТТЭО;05.03.2019;Т018-19
021-19;2019;ПС Север;ПС 110/10кВ Север;Газпром нефть;110;67.781219, 72.559204;ТТЭО;05.03.2019;Т021-19
022-19;2019;ПС Север;ПС 110/10кВ Север;Газпром нефть;110;67.781219, 72.559204;ТТЭО;05.03.2019;Т021-19
023-19;2019;ПС Север;ПС 110/10кВ Север;Газпром нефть;110;67.781219, 72.559204;ТТЭО;05.03.2019;Т021-19
024-19;;IREQ;Hydro-Québec Research Institute (IREQ);Hydro-Québec;765;45.624777, -73.380427;макет;11.03.2019;Т024-19
025-19;;IREQ;Hydro-Québec Research Institute (IREQ);Hydro-Québec;765;45.624777, -73.380427;макет;11.02.2019;Т025-19
026-19;2019;Кандалакша-2;Кандалакшский алюминиевый завод;РУСАЛ;10;60.579522, 26.809057;ТТЭО-Г;11.05.2019;Т026-19
027-19;2019;Fingrid;110 kV Pernoonkoski substation;Fingrid ;110;60.579522, 26.809057;ТТЭО;27.05.2019;Т027-19
028-19;2019;Fingrid;110 kV Pernoonkoski substation;Fingrid ;110;;ТТЭО;27.05.2019;Т027-19
029-19;2019;УЭТМ;;;;;ТТЭО;14.06.2019;Т029-19
030-19;2019;Саяногорск-6;Саяногорский алюминиевый завод;РУСАЛ;10;53.19998, 91.455724;ТТЭО-Г;26.07.2019;Т030-19
031-19;2019;Саяногорск-6;Саяногорский алюминиевый завод;РУСАЛ;10;53.19998, 91.455724;ТТЭО-Г;26.07.2019;Т031-19
032-19;2019;Демонстрационный ЭОБ 4U;;;;;ТТЭО;07.08.2019;
033-19;;Краз Комучёт;Красноярский алюминиевый завод;РУСАЛ;220;56.08462530213259, 93.01941925256092;ТТНК;13.09.2019;033-19
034-19;;Краз Комучёт;Красноярский алюминиевый завод;РУСАЛ;220;56.08462530213259, 93.01941925256092;ТТНК;13.09.2019;034-19
035-19;;Краз Комучёт;Красноярский алюминиевый завод;РУСАЛ;220;56.08462530213259, 93.01941925256092;ТТНК;13.09.2019;035-19
036-19;;Краз Комучёт;Красноярский алюминиевый завод;РУСАЛ;220;56.08462530213259, 93.01941925256092;ТТНК;13.09.2019;036-19
037-19;;Краз Комучёт;Красноярский алюминиевый завод;РУСАЛ;220;56.08462530213259, 93.01941925256092;ТТНК;13.09.2019;037-19
038-19;;Краз Комучёт;Красноярский алюминиевый завод;РУСАЛ;220;56.08462530213259, 93.01941925256092;ТТНК;13.09.2019;038-19
039-19;;Краз Комучёт;Красноярский алюминиевый завод;РУСАЛ;220;56.08462530213259, 93.01941925256092;ТТНК;13.09.2019;039-19
040-19;2019;ВЭИ-2;Всероссийский электротехнический институт;"ФГУП ""ВЭИ""";10;55.75638, 37.70119;ТТЭО-Г;16.09.2019;040-19
041-19;2019;ВЭИ-2;Всероссийский электротехнический институт;"ФГУП ""ВЭИ""";10;55.75638, 37.70119;ТТЭО-Г;16.09.2019;041-19
042-19;2019;ВЭИ-2;Всероссийский электротехнический институт;"ФГУП ""ВЭИ""";10;55.75638, 37.70119;ТТЭО-Г;16.09.2019;0080-19
043-19;2019;Богучаны;ПС 110/35/10 кВ Богучаны;Россети Сибирь;110;58.369716, 97.417477;ТТЭО-Г;04.11.2019;043-19
044-19;;Краз Комучёт;Красноярский алюминиевый завод;РУСАЛ;220;56.08462530213259, 93.01941925256092;Модуль питания ВМ;19.11.2019;039-19
045-19;;Краз Комучёт;Красноярский алюминиевый завод;РУСАЛ;220;56.08462530213259, 93.01941925256092;Модуль питания ВМ;19.11.2019;033-19
046-19;;Краз Комучёт;Красноярский алюминиевый завод;РУСАЛ;220;56.08462530213259, 93.01941925256092;Модуль питания ВМ;19.11.2019;034-19
047-19;;Краз Комучёт;Красноярский алюминиевый завод;РУСАЛ;220;56.08462530213259, 93.01941925256092;Модуль питания ВМ;19.11.2019;035-19
048-19;;Краз Комучёт;Красноярский алюминиевый завод;РУСАЛ;220;56.08462530213259, 93.01941925256092;Модуль питания ВМ;19.11.2019;036-19
049-19;;Краз Комучёт;Красноярский алюминиевый завод;РУСАЛ;220;56.08462530213259, 93.01941925256092;Модуль питания ВМ;19.11.2019;037-19
050-19;;Краз Комучёт;Красноярский алюминиевый завод;РУСАЛ;220;56.08462530213259, 93.01941925256092;Модуль питания ВМ;19.11.2019;038-19
051-19;2019;Братск-2;;;;;ТТЭО;20.11.2019;051-19
052-19;2019;Братск-2;;;;;ТТЭО;20.11.2019;052-19
053-19;2019;Братск-2;;;;;ТТЭО;20.11.2019;053-19
054-19;2019;Братск-2;;;;;ТТЭО;20.11.2019;054-19
055-19;2019;Братск-2;;;;;ТТЭО;20.11.2019;055-19
056-19;2019;Братск-2;;;;;ТТЭО;20.11.2019;056-19
057-19;2019;Братск-2;;;;;ТТЭО;20.11.2019;057-19
058-19;2019;Братск-2;;;;;ТТЭО;20.11.2019;058-19
059-19;2019;Братск-2;;;;;ТТЭО;20.11.2019;059-19
060-19;2019;Братск-2;;;;;ТТЭО;20.11.2019;060-19
061-19;;Фотовольтаика;;;;;ДНЕЭ;27.12.2019;061-19
062-19;;Фотовольтаика;;;;;Модуль питания ВМ;27.12.2019;061-19
137-19;;ИЦ;;;;;ДНЕЭ;28.12.2019;
001-20;;ПС Ясень;ПС 110 кВ Ясень;Россети Ленэнерго;110;59.401579, 28.483366;ТТНК;09.01.2020;001-20
002-20;;ПС Ясень;ПС 110 кВ Ясень;Россети Ленэнерго;110;59.401579, 28.483366;Модуль питания ВМ;27.01.2019;001-20
003-20;2020;МОЭСК_ПС Нагорная;ПС 110/10/6 кВ Нагорная;Россети Московский регион;110;55.672300, 37.616600;ТТЭО;06.03.2020;
004-20;2020;МОЭСК_ПС Нагорная;ПС 110/10/6 кВ Нагорная;Россети Московский регион;110;55.672300, 37.616600;ТТЭО;06.03.2020;
005-20;2020;Condis_HydroQuebec;735-kV Saguenay substation;Hydro-Québec;765;48.424657, -71.049039;ТТЭО;09.05.2020;
006-20;2020;Condis_HydroQuebec_аренда;735-kV Saguenay substation;Hydro-Québec;765;48.424657, -71.049039;ТТЭО;09.05.2020;
007-20;2020;Condis_HydroQuebec_ЗИП;735-kV Saguenay substation;Hydro-Québec;765;48.424657, -71.049039;ТТЭО;09.05.2020;
008-20;2020;Condis_MIT_USA;MIT;MIT;10;42.36002, -71.09858;ТТЭО-Г;09.05.2020;
009-20;2020;ИОМ (заявка Старостина);;;;;ТТЭО;21.07.2020;
010-20;2020;ФСК ЕЭС_ПС Надым_поставка;ПС 220/110/10 кВ Надым;Россети ФКС ЕЭС;220;65.310772, 73.045392;ТТЭО;18.08.2020;Т010-20
011-20;2020;ФСК ЕЭС_ПС Надым_поставка;ПС 220/110/10 кВ Надым;Россети ФКС ЕЭС;220;65.310772, 73.045392;ТТЭО;18.08.2020;Т010-20
012-20;2020;ФСК ЕЭС_ПС Надым_поставка;ПС 220/110/10 кВ Надым;Россети ФКС ЕЭС;220;65.310772, 73.045392;ТТЭО;18.08.2020;Т012-20
013-20;2020;ФСК ЕЭС_ПС Надым_поставка;ПС 220/110/10 кВ Надым;Россети ФКС ЕЭС;220;65.310772, 73.045392;ТТЭО;18.08.2020;Т012-20
014-20;2020;ФСК ЕЭС_ПС Надым_поставка;ПС 220/110/10 кВ Надым;Россети ФКС ЕЭС;220;65.310772, 73.045392;ТТЭО;18.08.2020;Т014-20
015-20;2020;ФСК ЕЭС_ПС Надым_поставка;ПС 220/110/10 кВ Надым;Россети ФКС ЕЭС;220;65.310772, 73.045392;ТТЭО;18.08.2020;Т014-20
016-20;2020;ФСК ЕЭС_ПС Надым_поставка;ПС 220/110/10 кВ Надым;Россети ФКС ЕЭС;220;65.310772, 73.045392;ТТЭО;18.08.2020;Т016-20
017-20;2020;ФСК ЕЭС_ПС Надым_поставка;ПС 220/110/10 кВ Надым;Россети ФКС ЕЭС;220;65.310772, 73.045392;ТТЭО;18.08.2020;Т016-20
018-20;;ФСК ЕЭС_ПС Надым_поставка;ПС 220/110/10 кВ Надым;Россети ФКС ЕЭС;220;65.310772, 73.045392;ДНЕЭ;18.08.2020;Т018-20
019-20;;ФСК ЕЭС_ПС Надым_поставка;ПС 220/110/10 кВ Надым;Россети ФКС ЕЭС;220;65.310772, 73.045392;ДНЕЭ;18.08.2020;Т018-20
020-20;;ФСК ЕЭС_ПС Надым_поставка;ПС 220/110/10 кВ Надым;Россети ФКС ЕЭС;220;65.310772, 73.045392;ДНЕЭ;18.08.2020;Т020-20
021-20;;ФСК ЕЭС_ПС Надым_поставка;ПС 220/110/10 кВ Надым;Россети ФКС ЕЭС;220;65.310772, 73.045392;ДНЕЭ;18.08.2020;Т020-20
022-20;;ФСК ЕЭС_ПС Надым_поставка;ПС 220/110/10 кВ Надым;Россети ФКС ЕЭС;220;65.310772, 73.045392;ДНЕЭ;18.08.2020;Т022-20
023-20;;ФСК ЕЭС_ПС Надым_поставка;ПС 220/110/10 кВ Надым;Россети ФКС ЕЭС;220;65.310772, 73.045392;ДНЕЭ;18.08.2020;Т022-20
024-20;;ФСК ЕЭС_ПС Надым_поставка;ПС 220/110/10 кВ Надым;Россети ФКС ЕЭС;220;65.310772, 73.045392;ДНЕЭ;18.08.2020;Т024-20
025-20;;ФСК ЕЭС_ПС Надым_поставка;ПС 220/110/10 кВ Надым;Россети ФКС ЕЭС;220;65.310772, 73.045392;ДНЕЭ;18.08.2020;Т024-20
026-20;;ФСК ЕЭС_ПС Надым_поставка;ПС 220/110/10 кВ Надым;Россети ФКС ЕЭС;220;65.310772, 73.045392;Модуль питания ВМ;18.08.2020;Т018-20
027-20;;ФСК ЕЭС_ПС Надым_поставка;ПС 220/110/10 кВ Надым;Россети ФКС ЕЭС;220;65.310772, 73.045392;Модуль питания ВМ;18.08.2020;Т018-20
028-20;;ФСК ЕЭС_ПС Надым_поставка;ПС 220/110/10 кВ Надым;Россети ФКС ЕЭС;220;65.310772, 73.045392;Модуль питания ВМ;18.08.2020;Т020-20
029-20;;ФСК ЕЭС_ПС Надым_поставка;ПС 220/110/10 кВ Надым;Россети ФКС ЕЭС;220;65.310772, 73.045392;Модуль питания ВМ;18.08.2020;Т020-20
030-20;;ФСК ЕЭС_ПС Надым_поставка;ПС 220/110/10 кВ Надым;Россети ФКС ЕЭС;220;65.310772, 73.045392;Модуль питания ВМ;18.08.2020;Т022-20
031-20;;ФСК ЕЭС_ПС Надым_поставка;ПС 220/110/10 кВ Надым;Россети ФКС ЕЭС;220;65.310772, 73.045392;Модуль питания ВМ;27.08.2020;Т022-20
032-20;;ФСК ЕЭС_ПС Надым_поставка;ПС 220/110/10 кВ Надым;Россети ФКС ЕЭС;220;65.310772, 73.045392;Модуль питания ВМ;27.08.2020;Т024-20
033-20;;ФСК ЕЭС_ПС Надым_поставка;ПС 220/110/10 кВ Надым;Россети ФКС ЕЭС;220;65.310772, 73.045392;Модуль питания ВМ;27.08.2020;Т024-20
034-20;2020;Аттестация_РОССЕТИ;;;;;ТТЭО;08.09.2020;Т034-20
035-20;2020;Аттестация_РОССЕТИ;;;;;ТТЭО;08.09.2020;Т035-20
036-20;2020;ФСК ЕЭС_ПС Трачуковская_поставка;ПС 500/220/35 кВ Трачуковская;Россети ФКС ЕЭС;220;61.287586, 75.230421;ТТЭО;18.09.2020;Т036-20
037-20;2020;ФСК ЕЭС_ПС Трачуковская_поставка;ПС 500/220/35 кВ Трачуковская;Россети ФКС ЕЭС;220;61.287586, 75.230421;ТТЭО;18.09.2020;Т036-20
038-20;2020;ФСК ЕЭС_ПС Трачуковская_поставка;ПС 500/220/35 кВ Трачуковская;Россети ФКС ЕЭС;220;61.287586, 75.230421;ТТЭО;18.09.2020;Т038-20
039-20;2020;ФСК ЕЭС_ПС Трачуковская_поставка;ПС 500/220/35 кВ Трачуковская;Россети ФКС ЕЭС;220;61.287586, 75.230421;ТТЭО;18.09.2020;Т038-20
040-20;2020;ФСК ЕЭС_ПС Трачуковская_поставка;ПС 500/220/35 кВ Трачуковская;Россети ФКС ЕЭС;220;61.287586, 75.230421;ТТЭО;18.09.2020;Т040-20
041-20;2020;ФСК ЕЭС_ПС Трачуковская_поставка;ПС 500/220/35 кВ Трачуковская;Россети ФКС ЕЭС;220;61.287586, 75.230421;ТТЭО;18.09.2020;Т040-20
042-20;;ФСК ЕЭС_ПС Трачуковская_поставка;ПС 500/220/35 кВ Трачуковская;Россети ФКС ЕЭС;220;61.287586, 75.230421;ДНЕЭ;18.09.2020;Т042-20
043-20;;ФСК ЕЭС_ПС Трачуковская_поставка;ПС 500/220/35 кВ Трачуковская;Россети ФКС ЕЭС;220;61.287586, 75.230421;ДНЕЭ;18.09.2020;Т043-20
044-20;;ФСК ЕЭС_ПС Трачуковская_поставка;ПС 500/220/35 кВ Трачуковская;Россети ФКС ЕЭС;220;61.287586, 75.230421;ДНЕЭ;18.09.2020;Т044-20
045-20;;ФСК ЕЭС_ПС Трачуковская_поставка;ПС 500/220/35 кВ Трачуковская;Россети ФКС ЕЭС;220;61.287586, 75.230421;ДНЕЭ;18.09.2020;Т045-20
046-20;;ФСК ЕЭС_ПС Трачуковская_поставка;ПС 500/220/35 кВ Трачуковская;Россети ФКС ЕЭС;220;61.287586, 75.230421;ДНЕЭ;18.09.2020;Т046-20
047-20;;ФСК ЕЭС_ПС Трачуковская_поставка;ПС 500/220/35 кВ Трачуковская;Россети ФКС ЕЭС;220;61.287586, 75.230421;Модуль питания ВМ;18.09.2020;Т042-20
048-20;;ФСК ЕЭС_ПС Трачуковская_поставка;ПС 500/220/35 кВ Трачуковская;Россети ФКС ЕЭС;220;61.287586, 75.230421;Модуль питания ВМ;18.09.2020;Т043-20
049-20;;ФСК ЕЭС_ПС Трачуковская_поставка;ПС 500/220/35 кВ Трачуковская;Россети ФКС ЕЭС;220;61.287586, 75.230421;Модуль питания ВМ;18.09.2020;Т044-20
050-20;;ФСК ЕЭС_ПС Трачуковская_поставка;ПС 500/220/35 кВ Трачуковская;Россети ФКС ЕЭС;220;61.287586, 75.230421;Модуль питания ВМ;18.09.2020;Т045-20
051-20;;ФСК ЕЭС_ПС Трачуковская_поставка;ПС 500/220/35 кВ Трачуковская;Россети ФКС ЕЭС;220;61.287586, 75.230421;Модуль питания ВМ;18.09.2020;Т046-20
052-20;2020;Казцинк_поставка;Казцинк-Энерго;Казцинк-Энерго;10;49.974036, 82.612898;ТТЭО-Г;18.09.2020;Т052-20
053-20;2020;Казцинк_поставка;Казцинк-Энерго;Казцинк-Энерго;10;49.974036, 82.612898;ТТЭО-Г;18.09.2020;Т053-20
054-20;2020;РУСАЛ_Братск_поставка;Братский алюминиевый завод;РУСАЛ;10;56.126435, 101.449577;ТТЭО-Г;23.09.2020;Т054-20
055-20;2020;РУСАЛ_Братск_поставка;Братский алюминиевый завод;РУСАЛ;10;56.126435, 101.449577;ТТЭО-Г;23.09.2020;Т055-20
056-20;2020;РУСАЛ_Братск_поставка;Братский алюминиевый завод;РУСАЛ;10;56.126435, 101.449577;ТТЭО-Г;23.09.2020;Т056-20
057-20;2020;РУСАЛ_Братск_поставка;Братский алюминиевый завод;РУСАЛ;10;56.126435, 101.449577;ТТЭО-Г;23.09.2020;Т057-20
058-20;2020;РУСАЛ_Братск_поставка;Братский алюминиевый завод;РУСАЛ;10;56.126435, 101.449577;ТТЭО-Г;23.09.2020;Т058-20
059-20;2020;РУСАЛ_Братск_поставка;Братский алюминиевый завод;РУСАЛ;10;56.126435, 101.449577;ТТЭО-Г;23.09.2020;Т059-20
060-20;2020;РУСАЛ_Братск_поставка;Братский алюминиевый завод;РУСАЛ;10;56.126435, 101.449577;ТТЭО-Г;23.09.2020;Т060-20
061-20;2020;РУСАЛ_Братск_поставка;Братский алюминиевый завод;РУСАЛ;10;56.126435, 101.449577;ТТЭО-Г;23.09.2020;Т061-20
062-20;2020;РУСАЛ_Братск_поставка;Братский алюминиевый завод;РУСАЛ;10;56.126435, 101.449577;ТТЭО-Г;23.09.2020;Т062-20
063-20;2020;РУСАЛ_Братск_поставка;Братский алюминиевый завод;РУСАЛ;10;56.126435, 101.449577;ТТЭО-Г;23.09.2020;Т063-20
064-20;2020;РУСАЛ_Братск_поставка;Братский алюминиевый завод;РУСАЛ;10;56.126435, 101.449577;ТТЭО-Г;23.09.2020;Т064-20
065-20;2020;РУСАЛ_Братск_поставка;Братский алюминиевый завод;РУСАЛ;10;56.126435, 101.449577;ТТЭО-Г;23.09.2020;Т065-20
066-20;2020;РУСАЛ_Братск_поставка;Братский алюминиевый завод;РУСАЛ;10;56.126435, 101.449577;ТТЭО-Г;23.09.2020;Т066-20
067-20;2020;ЮниПро_Березовская ГРЭС_поставка;Березовская ГРЭС;Юнипро;24;55.579161, 89.070545;ТТЭО-Г;24.09.2020;Т067-20
068-20;2020;МОЭСК (Энергоучет)_ПС 245,174,721,764_поставка;ПС 110/10/6 кВ №174 Лыткарино;Россети Московский регион;110;55.5744, 37.931600;ТТЭО;25.09.2020;Т068-20
069-20;2020;МОЭСК (Энергоучет)_ПС 245,174,721,764_поставка;ПС 110/10/6 кВ №174 Лыткарино;Россети Московский регион;110;55.5744, 37.931600;ТТЭО;25.09.2020;Т069-20
070-20;2020;МОЭСК (Энергоучет)_ПС 245,174,721,764_поставка;ПС 110/10/6 кВ №174 Лыткарино;Россети Московский регион;110;55.5744, 37.931600;ТТЭО;25.09.2020;Т070-20
071-20;2020;МОЭСК (Энергоучет)_ПС 245,174,721,764_поставка;ПС 110/10 кВ Пятницкая;Россети Московкий регион;110;54.7607, 38.142500;ТТЭО;25.09.2020;Т071-20
072-20;2020;МОЭСК (Энергоучет)_ПС 245,174,721,764_поставка;ПС 110/10 кВ Пятницкая;Россети Московкий регион;110;54.7607, 38.142500;ТТЭО;25.09.2020;Т072-20
073-20;2020;МОЭСК (Энергоучет)_ПС 245,174,721,764_поставка;ПС 110/10 кВ Пятницкая;Россети Московкий регион;110;54.7607, 38.142500;ТТЭО;25.09.2020;Т073-20
074-20;2020;МОЭСК (Энергоучет)_ПС 245,174,721,764_поставка;ПС 110/10 кВ Пятницкая;Россети Московкий регион;110;54.7607, 38.142500;ТТЭО;25.09.2020;Т074-20
075-20;2020;Склад;;;;;ТТЭО;25.09.2020;Т075-20
076-20;2020;МОЭСК (Энергоучет)_ПС 245,174,721,764_поставка;ПС 110/10/6 кВ №174 Лыткарино;Россети Московский регион;110;55.5744, 37.931600;ТТЭО;25.09.2020;Т076-20
077-20;;ИЦЛС Россети;;;;;ДНЕЭ;25.09.2020;Т077-20
078-20;;Склад;;;;;ДНЕЭ;25.09.2020;Т078-20
079-20;;МОЭСК (Энергоучет)_ПС 245,174,721,764_поставка;ПС 110/10/6 кВ №174 Лыткарино;Россети Московский регион;110;55.5744, 37.931600;ДНЕЭ;25.09.2020;Т079-20
080-20;;МОЭСК (Энергоучет)_ПС 245,174,721,764_поставка;ПС 110/10 кВ Пятницкая;Россети Московкий регион;110;54.7607, 38.142500;ДНЕЭ;25.09.2020;Т080-20
081-20;;МОЭСК (Энергоучет)_ПС 245,174,721,764_поставка;ПС 110/10 кВ Пятницкая;Россети Московкий регион;110;54.7607, 38.142500;ДНЕЭ;25.09.2020;Т081-20
082-20;;МОЭСК (Энергоучет)_ПС 245,174,721,764_поставка;ПС 110/10 кВ Ям;Россети Московкий регион;110;55.520000, 37.758000;ДНЕЭ;25.09.2020;Т082-20
083-20;;МОЭСК (Энергоучет)_ПС 245,174,721,764_поставка;ПС 110/10 кВ Ям;Россети Московкий регион;110;55.520000, 37.758000;ДНЕЭ;25.09.2020;Т083-20
084-20;;МОЭСК (Энергоучет)_ПС 245,174,721,764_поставка;ПС 110/10 кВ Ям;Россети Московкий регион;110;55.520000, 37.758000;Модуль питания ВМ;25.09.2020;Т077-20
085-20;;МОЭСК (Энергоучет)_ПС 245,174,721,764_поставка;ПС 110/10 кВ Ям;Россети Московкий регион;110;55.520000, 37.758000;Модуль питания ВМ;25.09.2020;Т078-20
086-20;;МОЭСК (Энергоучет)_ПС 245,174,721,764_поставка;ПС 110/10 кВ Ям;Россети Московкий регион;110;55.520000, 37.758000;Модуль питания ВМ;25.09.2020;Т079-20
087-20;;МОЭСК (Энергоучет)_ПС 245,174,721,764_поставка;ПС 110/10 кВ Ям;Россети Московкий регион;110;55.520000, 37.758000;Модуль питания ВМ;25.09.2020;Т080-20
088-20;;МОЭСК (Энергоучет)_ПС 245,174,721,764_поставка;ПС 110/10 кВ Ям;Россети Московкий регион;110;55.520000, 37.758000;Модуль питания ВМ;25.09.2020;Т081-20
089-20;;МОЭСК (Энергоучет)_ПС 245,174,721,764_поставка;ПС 110/10 кВ Ям;Россети Московкий регион;110;55.520000, 37.758000;Модуль питания ВМ;25.09.2020;Т082-20
090-20;;МОЭСК (Энергоучет)_ПС 245,174,721,764_поставка;ПС 110/10 кВ Ям;Россети Московкий регион;110;55.520000, 37.758000;Модуль питания ВМ;25.09.2020;Т083-20
091-20;2020;Демонстрационный ЭОБ для ЭМС-испытаний;;;;;ТТЭО;24.12.2020;
001-21;2021;Ленэнерго_ПС Мартышкино_поставка;ПС 110/10 кВ Мартышкино;Россети Ленэнерго;110;59.88543, 29.795292;ТТЭО;06.10.2020;Т001-21
002-21;2021;Ленэнерго_ПС Мартышкино_поставка;ПС 110/10 кВ Мартышкино;Россети Ленэнерго;110;59.88543, 29.795292;ТТЭО;06.10.2020;Т001-21
003-21;2021;Ленэнерго_ПС Мартышкино_поставка;ПС 110/10 кВ Мартышкино;Россети Ленэнерго;110;59.88543, 29.795292;ТТЭО;06.10.2020;Т003-21
004-21;2021;Ленэнерго_ПС Мартышкино_поставка;ПС 110/10 кВ Мартышкино;Россети Ленэнерго;110;59.88543, 29.795292;ТТЭО;06.10.2020;Т003-21
005-21;2021;Ленэнерго_ПС Мартышкино_поставка;ПС 110/10 кВ Мартышкино;Россети Ленэнерго;110;59.88543, 29.795292;ТТЭО;06.10.2020;Т005-21
006-21;2021;Ленэнерго_ПС Мартышкино_поставка;ПС 110/10 кВ Мартышкино;Россети Ленэнерго;110;59.88543, 29.795292;ТТЭО;06.10.2020;Т005-21
007-21;2021;Ленэнерго_ПС Мартышкино_поставка;ПС 110/10 кВ Мартышкино;Россети Ленэнерго;110;59.88543, 29.795292;ТТЭО;06.10.2020;Т007-21
008-21;2021;Ленэнерго_ПС Мартышкино_поставка;ПС 110/10 кВ Мартышкино;Россети Ленэнерго;110;59.88543, 29.795292;ТТЭО;06.10.2020;Т007-21
009-21;;Ленэнерго_ПС Мартышкино_поставка;ПС 110/10 кВ Мартышкино;Россети Ленэнерго;110;59.88543, 29.795292;ДНЕЭ;06.10.2020;Т009-21
010-21;;Ленэнерго_ПС Мартышкино_поставка;ПС 110/10 кВ Мартышкино;Россети Ленэнерго;110;59.88543, 29.795292;ДНЕЭ;06.10.2020;Т010-21
011-21;;Ленэнерго_ПС Мартышкино_поставка;ПС 110/10 кВ Мартышкино;Россети Ленэнерго;110;59.88543, 29.795292;Модуль питания ВМ;06.10.2020;Т009-21
012-21;;Ленэнерго_ПС Мартышкино_поставка;ПС 110/10 кВ Мартышкино;Россети Ленэнерго;110;59.88543, 29.795292;Модуль питания ВМ;06.10.2020;Т010-21
013-21;2021;Condis_MEPPI_Lab;MEPPI;Mitsubishi Electric;5;40.669472, -80.115719;ТТЭО;16.12.2020;T013-21
014-21;2021;Condis_MEPPI_Lab;MEPPI;Mitsubishi Electric;5;40.669472, -80.115719;ТТЭО;16.12.2020;T013-21
015-21;2021;Трансэнерго_ПС Владимир_поставка;ПС 110/35/6 кВ  Тяговая подстанция № 11 (Владимир);Трансэнерго;110;56.111779, 40.387906;ТТНК;25.12.2020;Т015-21
016-21;2021;Трансэнерго_ПС Владимир_поставка;ПС 110/35/6 кВ  Тяговая подстанция № 11 (Владимир);Трансэнерго;110;56.111779, 40.387906;Модуль питания ВМ;25.12.2020;Т015-21
017-21;2021;Трансэнерго_ПС Владимир_поставка;ПС 110/35/6 кВ  Тяговая подстанция № 11 (Владимир);Трансэнерго;110;56.111779, 40.387906;ТТЭО;25.12.2020;Т017-21
018-21;2021;Трансэнерго_ПС Владимир_поставка;ПС 110/35/6 кВ  Тяговая подстанция № 11 (Владимир);Трансэнерго;110;56.111779, 40.387906;ТТЭО;25.12.2020;Т018-21
019-21;;Electrosul CGT (Brazil pilot project);138 kV Palhoça Substation;Eletrosul;138;-27.641318, -48.691138;ТТНК;05.02.2021;Т019-21
020-21;;Electrosul CGT (Brazil pilot project);138 kV Palhoça Substation;Eletrosul;138;-27.641318, -48.691138;ТТНК;05.02.2021;Т019-21
021-21;;Electrosul CGT (Brazil pilot project);138 kV Palhoça Substation;Eletrosul;138;-27.641318, -48.691138;Модуль питания ВМ;05.02.2021;Т019-21
022-21;;Electrosul CGT (Brazil pilot project);138 kV Palhoça Substation;Eletrosul;138;-27.641318, -48.691138;Модуль питания ВМ;05.02.2021;Т019-21
023-21;;Аттестация_РОССЕТИ;;;;;ДНЕЭ;17.02.2021;Т023-21
024-21;;Аттестация_РОССЕТИ;;;;;ДНЕЭ;17.02.2021;Т024-21
025-21;;Аттестация_РОССЕТИ;;;;;ДНЕЭ;17.02.2021;Т025-21
026-21;;Аттестация_РОССЕТИ;;;;;Модуль питания ВМ;17.02.2021;Т023-21
027-21;;Аттестация_РОССЕТИ;;;;;Модуль питания ВМ;17.02.2021;Т024-21
028-21;;Аттестация_РОССЕТИ;;;;;Модуль питания ВМ;17.02.2021;Т025-21
029-21;2021;РУСАЛ_Тайшет_поставка;Тайшетский алюминиевый завод;РуСАЛ;10;55.941850, 97.989726;ТТЭО-Г;03.03.2021;Т029-21
030-21;2021;РОССЕТИ_ПС Бенжереп-2_поставка;ПС 110/10 кВ Бенжереп-2;Россети Сибирь;110;53.270883, 86.929866;ТТЭО;09.03.2021;Т030-21
031-21;2021;РОССЕТИ_ПС Бенжереп-2_поставка;ПС 110/10 кВ Бенжереп-2;Россети Сибирь;110;53.270883, 86.929866;ТТЭО;09.03.2021;Т030-21
032-21;2021;РОССЕТИ_ПС Бенжереп-2_поставка;ПС 110/10 кВ Бенжереп-2;Россети Сибирь;110;53.270883, 86.929866;ТТЭО;09.03.2021;Т032-21
033-21;2021;РОССЕТИ_ПС Бенжереп-2_поставка;ПС 110/10 кВ Бенжереп-2;Россети Сибирь;110;53.270883, 86.929866;ТТЭО;09.03.2021;Т032-21
034-21;2021;РОССЕТИ_ПС Бенжереп-2_поставка;ПС 110/10 кВ Бенжереп-2;Россети Сибирь;110;53.270883, 86.929866;ТТЭО;09.03.2021;Т034-21
035-21;2021;РОССЕТИ_ПС Бенжереп-2_поставка;ПС 110/10 кВ Бенжереп-2;Россети Сибирь;110;53.270883, 86.929866;ТТЭО;09.03.2021;Т034-21
036-21;2021;РОССЕТИ_ПС Бенжереп-2_поставка;ПС 110/10 кВ Бенжереп-2;Россети Сибирь;110;53.270883, 86.929866;ТТЭО;09.03.2021;Т036-21
037-21;;РОССЕТИ_ПС Бенжереп-2_поставка;ПС 110/10 кВ Бенжереп-2;Россети Сибирь;110;53.270883, 86.929866;ДНЕЭ;09.03.2021;Т037-21
038-21;;РОССЕТИ_ПС Бенжереп-2_поставка;ПС 110/10 кВ Бенжереп-2;Россети Сибирь;110;53.270883, 86.929866;ДНЕЭ;09.03.2021;Т037-21
039-21;;РОССЕТИ_ПС Бенжереп-2_поставка;ПС 110/10 кВ Бенжереп-2;Россети Сибирь;110;53.270883, 86.929866;ДНЕЭ;09.03.2021;Т039-21
040-21;;РОССЕТИ_ПС Бенжереп-2_поставка;ПС 110/10 кВ Бенжереп-2;Россети Сибирь;110;53.270883, 86.929866;ДНЕЭ;09.03.2021;Т039-21
041-21;;РОССЕТИ_ПС Бенжереп-2_поставка;ПС 110/10 кВ Бенжереп-2;Россети Сибирь;110;53.270883, 86.929866;Модуль питания ВМ;09.03.2021;Т037-21
042-21;;РОССЕТИ_ПС Бенжереп-2_поставка;ПС 110/10 кВ Бенжереп-2;Россети Сибирь;110;53.270883, 86.929866;Модуль питания ВМ;09.03.2021;Т037-21
043-21;;РОССЕТИ_ПС Бенжереп-2_поставка;ПС 110/10 кВ Бенжереп-2;Россети Сибирь;110;53.270883, 86.929866;Модуль питания ВМ;09.03.2021;Т039-21
044-21;;РОССЕТИ_ПС Бенжереп-2_поставка;ПС 110/10 кВ Бенжереп-2;Россети Сибирь;110;53.270883, 86.929866;Модуль питания ВМ;09.03.2021;Т039-21
045-21;2021;РОССЕТИ_ПС Бенжереп-2_поставка;ПС 110/10 кВ Бенжереп-2;Россети Сибирь;110;53.270883, 86.929866;ТТЭО;09.03.2021;-
046-21;;РОССЕТИ_ПС Бенжереп-2_поставка;ПС 110/10 кВ Бенжереп-2;Россети Сибирь;110;53.270883, 86.929866;ДНЕЭ;09.03.2021;-
047-21;;РОССЕТИ_ПС Бенжереп-2_поставка;ПС 110/10 кВ Бенжереп-2;Россети Сибирь;110;53.270883, 86.929866;Модуль питания ВМ;09.03.2021;-
048-21;2021;РОССЕТИ_ПС Бенжереп-2_поставка;ПС 110/10 кВ Бенжереп-2;Россети Сибирь;110;53.270883, 86.929866;ТТЭО;09.03.2021;Т048-21
049-21;2021;ФСК ЕЭС_ПС Сомкинская_поставка;ПС 500/220/35/10 кВ Сомкино;Россети ФКС ЕЭС;220;61.351192, 72.965366;ТТЭО;22.03.2021;Т049-21
050-21;2021;ФСК ЕЭС_ПС Сомкинская_поставка;ПС 500/220/35/10 кВ Сомкино;Россети ФКС ЕЭС;220;61.351192, 72.965366;ТТЭО;22.03.2021;Т049-21
051-21;2021;ФСК ЕЭС_ПС Сомкинская_поставка;ПС 500/220/35/10 кВ Сомкино;Россети ФКС ЕЭС;220;61.351192, 72.965366;ТТЭО;22.03.2021;Т051-21
052-21;2021;ФСК ЕЭС_ПС Сомкинская_поставка;ПС 500/220/35/10 кВ Сомкино;Россети ФКС ЕЭС;220;61.351192, 72.965366;ТТЭО;22.03.2021;Т051-21
053-21;2021;ФСК ЕЭС_ПС Сомкинская_поставка;ПС 500/220/35/10 кВ Сомкино;Россети ФКС ЕЭС;220;61.351192, 72.965366;ТТЭО;22.03.2021;Т053-21
054-21;2021;ФСК ЕЭС_ПС Сомкинская_поставка;ПС 500/220/35/10 кВ Сомкино;Россети ФКС ЕЭС;220;61.351192, 72.965366;ТТЭО;22.03.2021;Т053-21
055-21;;ФСК ЕЭС_ПС Сомкинская_поставка;ПС 500/220/35/10 кВ Сомкино;Россети ФКС ЕЭС;220;61.351192, 72.965366;ДНЕЭ;22.03.2021;Т055-21
056-21;;ФСК ЕЭС_ПС Сомкинская_поставка;ПС 500/220/35/10 кВ Сомкино;Россети ФКС ЕЭС;220;61.351192, 72.965366;ДНЕЭ;22.03.2021;Т056-21
057-21;;ФСК ЕЭС_ПС Сомкинская_поставка;ПС 500/220/35/10 кВ Сомкино;Россети ФКС ЕЭС;220;61.351192, 72.965366;ДНЕЭ;22.03.2021;Т057-21
058-21;;ФСК ЕЭС_ПС Сомкинская_поставка;ПС 500/220/35/10 кВ Сомкино;Россети ФКС ЕЭС;220;61.351192, 72.965366;ДНЕЭ;22.03.2021;Т058-21
059-21;;ФСК ЕЭС_ПС Сомкинская_поставка;ПС 500/220/35/10 кВ Сомкино;Россети ФКС ЕЭС;220;61.351192, 72.965366;ДНЕЭ;22.03.2021;Т059-21
060-21;;ФСК ЕЭС_ПС Сомкинская_поставка;ПС 500/220/35/10 кВ Сомкино;Россети ФКС ЕЭС;220;61.351192, 72.965366;Модуль питания ВМ;22.03.2021;Т055-21
061-21;;ФСК ЕЭС_ПС Сомкинская_поставка;ПС 500/220/35/10 кВ Сомкино;Россети ФКС ЕЭС;220;61.351192, 72.965366;Модуль питания ВМ;22.03.2021;Т056-21
062-21;;ФСК ЕЭС_ПС Сомкинская_поставка;ПС 500/220/35/10 кВ Сомкино;Россети ФКС ЕЭС;220;61.351192, 72.965366;Модуль питания ВМ;22.03.2021;Т057-21
063-21;;ФСК ЕЭС_ПС Сомкинская_поставка;ПС 500/220/35/10 кВ Сомкино;Россети ФКС ЕЭС;220;61.351192, 72.965366;Модуль питания ВМ;22.03.2021;Т058-21
064-21;;ФСК ЕЭС_ПС Сомкинская_поставка;ПС 500/220/35/10 кВ Сомкино;Россети ФКС ЕЭС;220;61.351192, 72.965366;Модуль питания ВМ;22.03.2021;Т059-21
065-21;2021;Могилевэнерго;ПС 330 кВ Могилев;Могилевэнерго;330;53.856667, 30.509444;ТТЭО-Г;13.04.2021;Т065-21
066-21;2021;РУСАЛ_Кандалакша_поставка 2021;Кандалакшский алюминиевый завод;РУСАЛ;10;67.193392, 32.429756;ТТЭО-Г;09.06.2021;Т066-21
067-21;2021;МРСК_Центра_Доброград;ПС 110/10/10 кВ Доброград;Россети Центр и Приволжье;110;56.228066, 41.302431;ТТЭО-Г;02.07.2021;Т067-21
068-21;2021;МРСК_Центра_Доброград;ПС 110/10/10 кВ Доброград;Россети Центр и Приволжье;110;56.228066, 41.302431;ТТЭО-Г;02.07.2021;Т068-21
069-21;2021;МРСК_Центра_Доброград;ПС 110/10/10 кВ Доброград;Россети Центр и Приволжье;110;56.228066, 41.302431;ТТЭО-Г;02.07.2021;Т069-21
070-21;2021;МРСК_Центра_Доброград;ПС 110/10/10 кВ Доброград;Россети Центр и Приволжье;110;56.228066, 41.302431;ТТЭО-Г;02.07.2021;Т070-21
071-21;;ФСК ЕЭС_ПС Сомкинская_поставка;ПС 500/220/35/10 кВ Сомкино;Россети ФКС ЕЭС;220;61.351192, 72.965366;ДНЕЭ;14.07.2021;Т055-21
072-21;;ФСК ЕЭС_ПС Сомкинская_поставка;ПС 500/220/35/10 кВ Сомкино;Россети ФКС ЕЭС;220;61.351192, 72.965366;ДНЕЭ;14.07.2021;Т056-21
073-21;;ФСК ЕЭС_ПС Сомкинская_поставка;ПС 500/220/35/10 кВ Сомкино;Россети ФКС ЕЭС;220;61.351192, 72.965366;ДНЕЭ;14.07.2021;Т057-21
074-21;;ФСК ЕЭС_ПС Сомкинская_поставка;ПС 500/220/35/10 кВ Сомкино;Россети ФКС ЕЭС;220;61.351192, 72.965366;ДНЕЭ;14.07.2021;Т058-21
075-21;;ФСК ЕЭС_ПС Сомкинская_поставка;ПС 500/220/35/10 кВ Сомкино;Россети ФКС ЕЭС;220;61.351192, 72.965366;ДНЕЭ;14.07.2021;Т059-21
076-21;;ФСК ЕЭС_ПС Сомкинская_поставка;ПС 500/220/35/10 кВ Сомкино;Россети ФКС ЕЭС;220;61.351192, 72.965366;Модуль питания ВМ;14.07.2021;Т055-21
077-21;;ФСК ЕЭС_ПС Сомкинская_поставка;ПС 500/220/35/10 кВ Сомкино;Россети ФКС ЕЭС;220;61.351192, 72.965366;Модуль питания ВМ;14.07.2021;Т056-21
078-21;;ФСК ЕЭС_ПС Сомкинская_поставка;ПС 500/220/35/10 кВ Сомкино;Россети ФКС ЕЭС;220;61.351192, 72.965366;Модуль питания ВМ;14.07.2021;Т057-21
079-21;;ФСК ЕЭС_ПС Сомкинская_поставка;ПС 500/220/35/10 кВ Сомкино;Россети ФКС ЕЭС;220;61.351192, 72.965366;Модуль питания ВМ;14.07.2021;Т058-21
080-21;;ФСК ЕЭС_ПС Сомкинская_поставка;ПС 500/220/35/10 кВ Сомкино;Россети ФКС ЕЭС;220;61.351192, 72.965366;Модуль питания ВМ;14.07.2021;Т059-21
081-21;2021;МОЭСК Рублевка;ПС 110/10/6 кВ Рублево;Россети Московский регион;110;55.772963, 37.341358;ТТЭО-Г;12.08.2021;Т081-21
082-21;2021;МОЭСК Рублевка;ПС 110/10/6 кВ Рублево;Россети Московский регион;110;55.772963, 37.341358;ТТЭО-Г;12.08.2021;Т082-21
083-21;2021;ВЭИ_Стенд КЗ-2_поставка;Всероссийский электротехнический институт;"ФГУП ""ВЭИ""";10;55.75638, 37.70119;ТТЭО-Г;12.10.2021;Т083-21
084-21;2021;ВЭИ_Стенд КЗ-2_поставка;Всероссийский электротехнический институт;"ФГУП ""ВЭИ""";10;55.75638, 37.70119;ТТЭО-Г;12.10.2021;Т084-21
085-21;2021;Русвинил_хлор_поставка;Завод РусВинил;РусВинил;10;56.111279, 44.124061;ТТЭО-Г;19.10.2021;Т085-21
086-21;2021;ИЦЛС Россети;;;;;ТТЭО;12.11.2021;Т086-21
087-21;2021;ИЦЛС Россети;;;;;ТТЭО;12.11.2021;Т086-21
088-21;;ИЦЛС Россети;;;;;ДНЕЭ;12.11.2021;Т088-21
089-21;;ИЦЛС Россети;;;;;Модуль питания ВМ;12.11.2021;Т088-21
090-21;2021;ВСМПО_Салда_поставка;ВСМПО-АВИСМА;Корпорации ВСМПО-АВИСМА ;10;58.060599, 60.534718;ТТЭО-Г;25.11.2021;Т090-21
091-21;2021;ВСМПО_Салда_Сп2_поставка+ШМР;ВСМПО-АВИСМА;Корпорации ВСМПО-АВИСМА ;10;58.060599, 60.534718;ТТЭО-Г;03.12.2021;Т091-21
001-22;2022;ТТЭО-Г-Э 1.1 для ИЦ (ЧЦЗ_УГМК);;;;;ТТЭО;14.01.2022;Т001-22
